{"stats":{"minecraft:picked_up":{"minecraft:oak_log":6,"minecraft:dirt":1},"minecraft:mined":{"biomesoplenty:bush":1,"minecraft:oak_log":6,"minecraft:oak_leaves":17,"minecraft:dirt":1},"minecraft:custom":{"minecraft:jump":102,"minecraft:time_since_rest":3203,"minecraft:damage_taken":20,"minecraft:sprint_one_cm":10039,"minecraft:play_time":3203,"minecraft:time_since_death":3203,"minecraft:walk_one_cm":6505,"minecraft:total_world_time":3203,"minecraft:fall_one_cm":2823,"minecraft:fly_one_cm":14103}},"DataVersion":3120}