{"stats":{"minecraft:picked_up":{"minecraft:crafting_table":2,"minecraft:raw_iron":39,"minecraft:oak_log":10,"jeg:scrap":3,"minecraft:dirt":1,"minecraft:wheat_seeds":5,"minecraft:coal":22,"minecraft:cobblestone":25,"minecraft:furnace":1},"minecraft:mined":{"jeg:scrap_ore":1,"minecraft:furnace":1,"minecraft:iron_ore":30,"minecraft:crafting_table":2,"minecraft:grass":4,"biomesoplenty:bush":2,"minecraft:oak_log":10,"minecraft:coal_ore":22,"minecraft:dirt":1,"minecraft:stone":25,"minecraft:oak_leaves":29},"minecraft:used":{"minecraft:bread":3,"minecraft:stone_pickaxe":62,"minecraft:iron_pickaxe":12,"minecraft:wooden_pickaxe":5,"minecraft:stone_axe":3,"minecraft:dirt":1,"minecraft:crafting_table":2,"minecraft:furnace":1},"minecraft:dropped":{"minecraft:bread":5,"minecraft:wheat_seeds":1,"minecraft:wooden_pickaxe":1},"minecraft:custom":{"minecraft:time_since_rest":15203,"minecraft:interact_with_furnace":4,"minecraft:sprint_one_cm":51611,"minecraft:damage_taken":40,"minecraft:walk_one_cm":39804,"minecraft:drop":7,"minecraft:swim_one_cm":545,"minecraft:interact_with_crafting_table":5,"minecraft:fly_one_cm":71803,"minecraft:open_barrel":1,"minecraft:open_chest":3,"minecraft:crouch_one_cm":589,"minecraft:play_time":15203,"minecraft:sneak_time":180,"minecraft:walk_under_water_one_cm":75,"minecraft:jump":446,"minecraft:walk_on_water_one_cm":938,"minecraft:time_since_death":15203,"minecraft:total_world_time":15203,"minecraft:fall_one_cm":11568},"minecraft:crafted":{"minecraft:oak_planks":40,"minecraft:crafting_table":1,"minecraft:stick":8,"minecraft:iron_pickaxe":1,"minecraft:wooden_pickaxe":1,"minecraft:iron_ingot":8,"minecraft:stone_pickaxe":1,"minecraft:furnace":1,"minecraft:stone_axe":1}},"DataVersion":3120}