{"stats":{"minecraft:picked_up":{"minecraft:stick":17,"minecraft:crafting_table":1,"minecraft:sweet_berries":32,"minecraft:jungle_log":2,"minecraft:leather":7,"biomesoplenty:fir_sapling":37,"biomesoplenty:fir_log":131,"minecraft:porkchop":5,"minecraft:blue_bed":1,"minecraft:dirt":3,"minecraft:rotten_flesh":1,"minecraft:beef":12,"minecraft:bread":5,"minecraft:oak_sapling":1,"minecraft:mutton":4,"minecraft:white_wool":3,"minecraft:cobblestone":12},"minecraft:mined":{"minecraft:sweet_berry_bush":11,"treechop:chopped_log":2,"minecraft:crafting_table":1,"minecraft:grass":4,"biomesoplenty:bush":4,"minecraft:grass_block":1,"minecraft:dirt":2,"minecraft:stone":12,"minecraft:blue_bed":1,"minecraft:fern":2},"minecraft:killed":{"minecraft:sheep":3,"minecraft:pig":4,"born_in_chaos_v1:zombie_lumberjack":1,"minecraft:zombie_villager":1,"born_in_chaos_v1:corpse_fly":1,"majruszsdifficulty:cursed_armor":1,"minecraft:cow":5},"minecraft:used":{"minecraft:bread":1,"minecraft:stone_pickaxe":6,"minecraft:wooden_pickaxe":9,"minecraft:stone_axe":62,"minecraft:dirt":3,"minecraft:sweet_berries":11,"minecraft:crafting_table":1,"biomesoplenty:fir_log":2},"minecraft:custom":{"minecraft:time_since_rest":8246,"minecraft:sprint_one_cm":25790,"minecraft:damage_taken":155,"minecraft:walk_one_cm":15959,"minecraft:mob_kills":16,"minecraft:damage_dealt":2120,"minecraft:interact_with_crafting_table":3,"minecraft:fly_one_cm":35851,"minecraft:open_chest":6,"minecraft:crouch_one_cm":2360,"minecraft:play_time":8246,"tombstone:undead_killed":2,"minecraft:sneak_time":542,"minecraft:jump":225,"minecraft:time_since_death":8246,"minecraft:walk_on_water_one_cm":430,"minecraft:total_world_time":8246,"minecraft:fall_one_cm":4963},"minecraft:crafted":{"biomesoplenty:fir_planks":24,"minecraft:crafting_table":1,"minecraft:stick":4,"minecraft:wooden_pickaxe":1,"minecraft:stone_pickaxe":1,"minecraft:stone_axe":1}},"DataVersion":3120}